文档类别,文档名称,用途 / 说明,优先级,建议负责人,状态,更新频率,备注,适用对象,阶段适用性,阶段说明,版本号 / Revision,最后更新日期,审核人 / Reviewer,批准人 / Approver,文档类型,保密级别 / Confidentiality,依赖文档 / Related Docs,创建阶段 / Creation Phase,是否必需 / Must-Have,使用频率 / Usage Frequency,改进建议 / Notes
项目管理 / 规划,Project Charter,产品目标、范围、里程碑,高,Product Manager,未开始,,,个人,MVP,MVP 阶段必备核心文档,,,,,规划,,,,,,
项目管理 / 规划,Work Breakdown Structure (WBS),任务拆分、进度计划,高,PM / Product Manager,未开始,,,混合,产品成熟 / 后续迭代,可在 MVP 后阶段完善,,,,,规划,,,,,,
项目管理 / 规划,PM Management Doc,项目管理流程、职责分工,高,Product Manager,未开始,,,团队,产品成熟 / 后续迭代,可在 MVP 后阶段完善,,,,,规划,,,,,,
项目管理 / 规划,Requirements Document,系统功能和需求说明,高,Product Manager / BA,未开始,,,个人,MVP,MVP 阶段必备核心文档,,,,,规划,,,,,,
项目管理 / 规划,Business Model,商业模式、盈利策略,高,Product Manager / CEO,未开始,,,混合,产品成熟 / 后续迭代,可在 MVP 后阶段完善,,,,,规划,,,,,,
项目管理 / 规划,Stakeholders Document,利益相关方列表及角色,中,Product Manager,未开始,,,混合,产品成熟 / 后续迭代,可在 MVP 后阶段完善,,,,,规划,,,,,,
项目管理 / 规划,Feature Roadmap,功能迭代计划,高,Product Manager,未开始,,,团队,产品成熟 / 后续迭代,可在 MVP 后阶段完善,,,,,规划,,,,,,
项目管理 / 规划,Change Management Plan,功能或架构变更流程,中,Product Manager / Dev Lead,未开始,,,团队,产品成熟 / 后续迭代,可在 MVP 后阶段完善,,,,,,,,,,,
项目管理 / 规划,Risk Management / Mitigation Plan,风险分析与缓解措施,中,PM / QA / Dev Lead,未开始,,,团队,产品成熟 / 后续迭代,可在 MVP 后阶段完善,,,,,,,,,,,
产品设计 / 功能,PRD (Product Requirements Doc),产品功能详细说明,高,Product Manager,未开始,,,个人,MVP,MVP 阶段必备核心文档,,,,,设计,,,,,,
产品设计 / 功能,FSD (Functional Spec Doc),功能实现细节,高,Product Manager / Dev Lead,未开始,,,团队,产品成熟 / 后续迭代,可在 MVP 后阶段完善,,,,,设计,,,,,,
产品设计 / 功能,TAD (Technical Architecture Doc),技术架构设计,高,Tech Lead / Dev Lead,未开始,,,团队,产品成熟 / 后续迭代,可在 MVP 后阶段完善,,,,,设计,,,,,,
产品设计 / 功能,UI Mockups / Mockups Docs,页面设计和布局,高,UX/UI Designer,未开始,,,混合,产品成熟 / 后续迭代,可在 MVP 后阶段完善,,,,,设计,,,,,,
产品设计 / 功能,UI Style Guide,颜色、字体、组件规范,中,UX/UI Designer,未开始,,,混合,产品成熟 / 后续迭代,可在 MVP 后阶段完善,,,,,设计,,,,,,
产品设计 / 功能,Interaction / Flow Diagrams,用户流程、系统交互,中,UX/UI Designer / Dev Lead,未开始,,,混合,产品成熟 / 后续迭代,可在 MVP 后阶段完善,,,,,设计,,,,,,
产品设计 / 功能,Onboarding Flow,用户注册、初次使用流程,高,UX/UI Designer / PM,未开始,,,混合,产品成熟 / 后续迭代,可在 MVP 后阶段完善,,,,,设计,,,,,,
技术 / 开发,API Documentation,API接口说明,高,Backend Dev,未开始,,,个人,MVP,MVP 阶段必备核心文档,,,,,开发,,,,,,
技术 / 开发,Database Schema,数据库设计,高,Backend Dev / DB Admin,未开始,,,个人,MVP,MVP 阶段必备核心文档,,,,,开发,,,,,,
技术 / 开发,Developer Guide / README,开发指南和依赖说明,高,Dev Lead,未开始,,,个人,MVP,MVP 阶段必备核心文档,,,,,开发,,,,,,
技术 / 开发,CI/CD Pipeline Doc,持续集成/部署流程,中,DevOps,未开始,,,团队,产品成熟 / 后续迭代,可在 MVP 后阶段完善,,,,,开发,,,,,,
技术 / 开发,Deployment Plan,上线与发布计划,中,DevOps / Dev Lead,未开始,,,混合,产品成熟 / 后续迭代,可在 MVP 后阶段完善,,,,,开发,,,,,,
技术 / 开发,Scalability Plan,系统扩展方案,中,Tech Lead,未开始,,,混合,产品成熟 / 后续迭代,可在 MVP 后阶段完善,,,,,开发,,,,,,
技术 / 开发,Monitoring & Logging Plan,系统监控和日志策略,高,DevOps / QA,未开始,,,团队,产品成熟 / 后续迭代,可在 MVP 后阶段完善,,,,,开发,,,,,,
技术 / 开发,Configuration Management Plan,系统配置与版本管理,中,DevOps / Tech Lead,未开始,,,混合,产品成熟 / 后续迭代,可在 MVP 后阶段完善,,,,,,,,,,,
技术 / 开发,Technical Debt Log / Refactoring Plan,技术欠债记录,中,Dev Lead,未开始,,,混合,产品成熟 / 后续迭代,可在 MVP 后阶段完善,,,,,,,,,,,
技术 / 开发,API Versioning & Deprecation Policy,API升级与退役策略,中,Backend Dev / Tech Lead,未开始,,,混合,产品成熟 / 后续迭代,可在 MVP 后阶段完善,,,,,,,,,,,
测试 / QA / 支持,Test Plan Document,测试用例、方法和流程,高,QA,未开始,,,个人,MVP,MVP 阶段必备核心文档,,,,,测试,,,,,,
测试 / QA / 支持,User Support Document,用户支持指南,高,Support Lead,未开始,,,混合,产品成熟 / 后续迭代,可在 MVP 后阶段完善,,,,,支持,,,,,,
测试 / QA / 支持,Support Playbook,客服处理流程,高,Support Lead,未开始,,,混合,产品成熟 / 后续迭代,可在 MVP 后阶段完善,,,,,支持,,,,,,
测试 / QA / 支持,Support Team Training Document,客服培训材料,中,Support Lead,未开始,,,混合,产品成熟 / 后续迭代,可在 MVP 后阶段完善,,,,,支持,,,,,,
测试 / QA / 支持,Knowledge Base,常见问题和帮助文档,中,Support Lead,未开始,,,混合,产品成熟 / 后续迭代,可在 MVP 后阶段完善,,,,,支持,,,,,,
测试 / QA / 支持,User Feedback Plan,用户反馈收集与分析,高,Product Manager / UX,未开始,,,混合,产品成熟 / 后续迭代,可在 MVP 后阶段完善,,,,,支持,,,,,,
测试 / QA / 支持,Experimentation / A/B Testing Docs,功能优化实验设计,中,Product Manager / Data Analyst,未开始,,,混合,产品成熟 / 后续迭代,可在 MVP 后阶段完善,,,,,,,,,,,
安全 / 合规,Security Plan,系统安全策略,高,Security Lead / DevOps,未开始,,,个人,MVP,MVP 阶段必备核心文档,,,,,安全,,,,,,
安全 / 合规,Privacy Policy / GDPR Compliance,用户隐私及法规合规,高,Legal / PM,未开始,,,个人,MVP,MVP 阶段必备核心文档,,,,,合规,,,,,,
安全 / 合规,Accessibility Plan / ADA Compliance,无障碍功能设计,中,UX/UI Designer / PM,未开始,,,混合,产品成熟 / 后续迭代,可在 MVP 后阶段完善,,,,,合规,,,,,,
安全 / 合规,Localization / Internationalization Plan,多语言支持策略,中,UX/UI Designer / Dev Lead,未开始,,,混合,产品成熟 / 后续迭代,可在 MVP 后阶段完善,,,,,设计,,,,,,
安全 / 合规,Data Retention & Archiving Policy,数据保留与归档,高,PM / DevOps,未开始,,,混合,产品成熟 / 后续迭代,可在 MVP 后阶段完善,,,,,合规,,,,,,
安全 / 合规,Legal / Terms of Service (ToS),用户协议与法律条款,高,Legal,未开始,,,混合,产品成熟 / 后续迭代,可在 MVP 后阶段完善,,,,,合规,,,,,,
安全 / 合规,Incident Response Plan,安全/系统事件响应,高,Security Lead / DevOps,未开始,,,混合,产品成熟 / 后续迭代,可在 MVP 后阶段完善,,,,,安全,,,,,,
安全 / 合规,End-of-Life (EOL) Policy,产品或功能退役策略,中,PM / Dev Lead,未开始,,,混合,产品成熟 / 后续迭代,可在 MVP 后阶段完善,,,,,规划,,,,,,
用户 / 产品分析,KPIs / Metrics Document,产品指标和分析方法,高,Product Manager / Data Analyst,未开始,,,混合,产品成熟 / 后续迭代,可在 MVP 后阶段完善,,,,,分析,,,,,,
用户 / 产品分析,Dashboard Metrics Specification,仪表盘数据指标,高,UX/UI Designer / Data Analyst,未开始,,,混合,产品成熟 / 后续迭代,可在 MVP 后阶段完善,,,,,分析,,,,,,
用户 / 产品分析,Release Notes / Version History,版本功能更新与修复记录,高,Product Manager / Dev Lead,未开始,,,混合,产品成熟 / 后续迭代,可在 MVP 后阶段完善,,,,,分析,,,,,,
用户 / 产品分析,Go-To-Market (GTM) Strategy,上市推广策略,中,Product Manager / Marketing,未开始,,,混合,产品成熟 / 后续迭代,可在 MVP 后阶段完善,,,,,市场,,,,,,
用户 / 产品分析,Third-Party Integration Documentation,第三方服务集成说明,高,Dev Lead / Backend Dev,未开始,,,混合,产品成熟 / 后续迭代,可在 MVP 后阶段完善,,,,,开发,,,,,,
用户 / 产品分析,User Analytics / Behavior Tracking Doc,用户行为数据分析方法,中,Data Analyst / PM,未开始,,,混合,产品成熟 / 后续迭代,可在 MVP 后阶段完善,,,,,分析,,,,,,
运维 / 高级管理,Backup & Recovery Plan,数据备份与恢复流程,高,DevOps,未开始,,,混合,产品成熟 / 后续迭代,可在 MVP 后阶段完善,,,,,运维,,,,,,
运维 / 高级管理,Maintenance Plan,系统维护流程,高,DevOps,未开始,,,团队,产品成熟 / 后续迭代,可在 MVP 后阶段完善,,,,,运维,,,,,,
运维 / 高级管理,SLA / Service Level Agreement,可用性和支持承诺,中,PM / Legal,未开始,,,混合,产品成熟 / 后续迭代,可在 MVP 后阶段完善,,,,,运维,,,,,,
运维 / 高级管理,Business Continuity Plan (BCP),灾难或停机业务连续性,中,PM / DevOps,未开始,,,混合,产品成熟 / 后续迭代,可在 MVP 后阶段完善,,,,,运维,,,,,,
运维 / 高级管理,Vendor / Supplier Management Docs,第三方服务与合同管理,中,PM / Legal,未开始,,,混合,产品成熟 / 后续迭代,可在 MVP 后阶段完善,,,,,运维,,,,,,
运维 / 高级管理,Cloud Infrastructure / Cost Management Doc,云资源架构及成本优化,中,DevOps / Tech Lead,未开始,,,混合,产品成熟 / 后续迭代,可在 MVP 后阶段完善,,,,,运维,,,,,,
运维 / 高级管理,Performance Tuning & Optimization Doc,性能优化方案,中,DevOps / Tech Lead,未开始,,,混合,产品成熟 / 后续迭代,可在 MVP 后阶段完善,,,,,运维,,,,,,
高级 / 可选 / 补充,Market Research & Competitive Analysis,市场和竞品分析,中,Product Manager / Marketing,未开始,,,混合,产品成熟 / 后续迭代,可在 MVP 后阶段完善,,,,,市场,,,,,,
高级 / 可选 / 补充,Innovation / R&D Plan,新功能或技术探索路线,中,Product Manager / Tech Lead,未开始,,,混合,产品成熟 / 后续迭代,可在 MVP 后阶段完善,,,,,研发,,,,,,
高级 / 可选 / 补充,Technical Audit / Compliance Audit Reports,技术与合规审计,中,Security Lead / Legal,未开始,,,混合,产品成熟 / 后续迭代,可在 MVP 后阶段完善,,,,,安全,,,,,,
高级 / 可选 / 补充,Experimentation / Feature Flag Docs,功能实验和开关管理,中,Dev Lead / PM,未开始,,,混合,产品成熟 / 后续迭代,可在 MVP 后阶段完善,,,,,研发,,,,,,
高级 / 可选 / 补充,Data Governance / Data Quality Policy,数据标准化、准确性、完整性,中,Data Analyst / PM,未开始,,,混合,产品成熟 / 后续迭代,可在 MVP 后阶段完善,,,,,分析,,,,,,
